set_id,name,series,released,total,ptcgo_code
base1,Base Set,Base,1999-01-09,102,BS
base2,Jungle,Base,1999-06-16,64,JU
basep,Wizards Black Star Promos,Base,1999-07-01,53,PR
base3,Fossil,Base,1999-10-10,62,FO
base4,Base Set 2,Base,2000-02-24,130,B2
base5,Team Rocket,Base,2000-04-24,83,TR
gym1,Gym Heroes,Gym,2000-08-14,132,G1
gym2,Gym Challenge,Gym,2000-10-16,132,G2
neo1,Neo Genesis,Neo,2000-12-16,111,N1
neo2,Neo Discovery,Neo,2001-06-01,75,N2
si1,Southern Islands,Other,2001-07-31,18,
neo3,Neo Revelation,Neo,2001-09-21,66,N3
neo4,Neo Destiny,Neo,2002-02-28,113,N4
base6,Legendary Collection,Other,2002-05-24,110,LC
ecard1,Expedition Base Set,E-Card,2002-09-15,165,EX
bp,Best of Game,Other,2002-12-01,9,BP
ecard2,Aquapolis,E-Card,2003-01-15,182,AQ
ecard3,Skyridge,E-Card,2003-05-12,182,SK
ex1,Ruby & Sapphire,EX,2003-07-01,109,RS
ex2,Sandstorm,EX,2003-09-18,100,SS
np,Nintendo Black Star Promos,NP,2003-10-01,40,PR-NP
ex3,Dragon,EX,2003-11-24,100,DR
ex4,Team Magma vs Team Aqua,EX,2004-03-01,97,MA
ex5,Hidden Legends,EX,2004-06-01,102,HL
tk1a,EX Trainer Kit Latias,EX,2004-06-01,10,
tk1b,EX Trainer Kit Latios,EX,2004-06-01,10,
ex6,FireRed & LeafGreen,EX,2004-09-01,116,RG
pop1,POP Series 1,POP,2004-09-01,17,
ex7,Team Rocket Returns,EX,2004-11-01,111,TRR
ex8,Deoxys,EX,2005-02-01,108,DX
ex9,Emerald,EX,2005-05-01,107,EM
ex10,Unseen Forces,EX,2005-08-01,145,UF
pop2,POP Series 2,POP,2005-08-01,17,
ex11,Delta Species,EX,2005-10-31,114,DS
ex12,Legend Maker,EX,2006-02-01,93,LM
tk2a,EX Trainer Kit 2 Plusle,EX,2006-03-01,12,
tk2b,EX Trainer Kit 2 Minun,EX,2006-03-01,12,
pop3,POP Series 3,POP,2006-04-01,17,
ex13,Holon Phantoms,EX,2006-05-01,111,HP
ex14,Crystal Guardians,EX,2006-08-01,100,CG
pop4,POP Series 4,POP,2006-08-01,17,
ex15,Dragon Frontiers,EX,2006-11-01,101,DF
ex16,Power Keepers,EX,2007-02-02,108,PK
pop5,POP Series 5,POP,2007-03-01,17,
dp1,Diamond & Pearl,Diamond & Pearl,2007-05-01,130,DP
dpp,DP Black Star Promos,Diamond & Pearl,2007-05-01,56,PR-DPP
dp2,Mysterious Treasures,Diamond & Pearl,2007-08-01,124,MT
pop6,POP Series 6,POP,2007-09-01,17,
dp3,Secret Wonders,Diamond & Pearl,2007-11-01,132,SW
dp4,Great Encounters,Diamond & Pearl,2008-02-01,106,GE
pop7,POP Series 7,POP,2008-03-01,17,
dp5,Majestic Dawn,Diamond & Pearl,2008-05-01,100,MD
dp6,Legends Awakened,Diamond & Pearl,2008-08-01,146,LA
pop8,POP Series 8,POP,2008-09-01,17,
dp7,Stormfront,Diamond & Pearl,2008-11-01,106,SF
pl1,Platinum,Platinum,2009-02-11,133,PL
pop9,POP Series 9,POP,2009-03-01,17,
pl2,Rising Rivals,Platinum,2009-05-16,120,RR
pl3,Supreme Victors,Platinum,2009-08-19,153,SV
pl4,Arceus,Platinum,2009-11-04,111,AR
ru1,Pokémon Rumble,Other,2009-12-02,16,
hgss1,HeartGold & SoulSilver,HeartGold & SoulSilver,2010-02-10,124,HS
hsp,HGSS Black Star Promos,HeartGold & SoulSilver,2010-02-10,25,PR-HS
hgss2,HS—Unleashed,HeartGold & SoulSilver,2010-05-12,96,UL
hgss3,HS—Undaunted,HeartGold & SoulSilver,2010-08-18,91,UD
hgss4,HS—Triumphant,HeartGold & SoulSilver,2010-11-03,103,TM
col1,Call of Legends,HeartGold & SoulSilver,2011-02-09,106,CL
bwp,BW Black Star Promos,Black & White,2011-03-01,101,PR-BLW
bw1,Black & White,Black & White,2011-04-25,115,BLW
mcd11,McDonald's Collection 2011,Other,2011-06-17,12,
bw2,Emerging Powers,Black & White,2011-08-31,98,EPO
bw3,Noble Victories,Black & White,2011-11-16,102,NVI
bw4,Next Destinies,Black & White,2012-02-08,103,NXD
bw5,Dark Explorers,Black & White,2012-05-09,111,DEX
mcd12,McDonald's Collection 2012,Other,2012-06-15,12,
bw6,Dragons Exalted,Black & White,2012-08-15,128,DRX
dv1,Dragon Vault,Black & White,2012-10-05,21,DRV
bw7,Boundaries Crossed,Black & White,2012-11-07,153,BCR
bw8,Plasma Storm,Black & White,2013-02-06,138,PLS
bw9,Plasma Freeze,Black & White,2013-05-08,122,PLF
bw10,Plasma Blast,Black & White,2013-08-14,105,PLB
xyp,XY Black Star Promos,XY,2013-10-12,216,PR-XY
bw11,Legendary Treasures,Black & White,2013-11-06,140,LTR
xy0,Kalos Starter Set,XY,2013-11-08,39,KSS
xy1,XY,XY,2014-02-05,146,XY
xy2,Flashfire,XY,2014-05-07,110,FLF
mcd14,McDonald's Collection 2014,Other,2014-05-23,12,
xy3,Furious Fists,XY,2014-08-13,114,FFI
xy4,Phantom Forces,XY,2014-11-05,124,PHF
xy5,Primal Clash,XY,2015-02-04,164,PRC
dc1,Double Crisis,XY,2015-03-25,34,DCR
xy6,Roaring Skies,XY,2015-05-06,112,ROS
xy7,Ancient Origins,XY,2015-08-12,100,AOR
xy8,BREAKthrough,XY,2015-11-04,165,BKT
mcd15,McDonald's Collection 2015,Other,2015-11-27,12,
xy9,BREAKpoint,XY,2016-02-03,126,BKP
g1,Generations,XY,2016-02-22,117,GEN
xy10,Fates Collide,XY,2016-05-02,129,FCO
xy11,Steam Siege,XY,2016-08-03,116,STS
mcd16,McDonald's Collection 2016,Other,2016-08-19,12,
xy12,Evolutions,XY,2016-11-02,113,EVO
sm1,Sun & Moon,Sun & Moon,2017-02-03,173,SUM
smp,SM Black Star Promos,Sun & Moon,2017-02-03,250,PR-SM
sm2,Guardians Rising,Sun & Moon,2017-05-05,180,GRI
sm3,Burning Shadows,Sun & Moon,2017-08-05,177,BUS
sm35,Shining Legends,Sun & Moon,2017-10-06,81,SLG
sm4,Crimson Invasion,Sun & Moon,2017-11-03,126,CIN
mcd17,McDonald's Collection 2017,Other,2017-11-07,12,
sm5,Ultra Prism,Sun & Moon,2018-02-02,178,UPR
sm6,Forbidden Light,Sun & Moon,2018-05-04,150,FLI
sm7,Celestial Storm,Sun & Moon,2018-08-03,187,CES
sm75,Dragon Majesty,Sun & Moon,2018-09-07,80,DRM
mcd18,McDonald's Collection 2018,Other,2018-10-16,12,
sm8,Lost Thunder,Sun & Moon,2018-11-02,240,LOT
sm9,Team Up,Sun & Moon,2019-02-01,198,TEU
det1,Detective Pikachu,Sun & Moon,2019-04-05,18,DET
sm10,Unbroken Bonds,Sun & Moon,2019-05-03,234,UNB
sm11,Unified Minds,Sun & Moon,2019-08-02,260,UNM
sm115,Hidden Fates,Sun & Moon,2019-08-23,69,HIF
sma,Hidden Fates Shiny Vault,Sun & Moon,2019-08-23,94,HIF
mcd19,McDonald's Collection 2019,Other,2019-10-15,12,
sm12,Cosmic Eclipse,Sun & Moon,2019-11-01,272,CEC
swshp,SWSH Black Star Promos,Sword & Shield,2019-11-15,304,PR-SW
swsh1,Sword & Shield,Sword & Shield,2020-02-07,216,SSH
swsh2,Rebel Clash,Sword & Shield,2020-05-01,209,RCL
swsh3,Darkness Ablaze,Sword & Shield,2020-08-14,201,DAA
fut20,Pokémon Futsal Collection,Other,2020-09-11,5,FUT20
swsh35,Champion's Path,Sword & Shield,2020-09-25,80,CPA
swsh4,Vivid Voltage,Sword & Shield,2020-11-13,203,VIV
mcd21,McDonald's Collection 2021,Other,2021-02-09,25,
swsh45,Shining Fates,Sword & Shield,2021-02-19,73,SHF
swsh45sv,Shining Fates Shiny Vault,Sword & Shield,2021-02-19,122,SHF
swsh5,Battle Styles,Sword & Shield,2021-03-19,183,BST
swsh6,Chilling Reign,Sword & Shield,2021-06-18,233,CRE
swsh7,Evolving Skies,Sword & Shield,2021-08-27,237,EVS
cel25,Celebrations,Sword & Shield,2021-10-08,25,CEL
cel25c,Celebrations: Classic Collection,Sword & Shield,2021-10-08,25,CEL
swsh8,Fusion Strike,Sword & Shield,2021-11-12,284,FST
swsh9,Brilliant Stars,Sword & Shield,2022-02-25,186,BRS
swsh9tg,Brilliant Stars Trainer Gallery,Sword & Shield,2022-02-25,30,BRS
swsh10,Astral Radiance,Sword & Shield,2022-05-27,216,ASR
swsh10tg,Astral Radiance Trainer Gallery,Sword & Shield,2022-05-27,30,ASR
pgo,Pokémon GO,Sword & Shield,2022-07-01,88,PGO
mcd22,McDonald's Collection 2022,Other,2022-08-03,15,
swsh11,Lost Origin,Sword & Shield,2022-09-09,217,LOR
swsh11tg,Lost Origin Trainer Gallery,Sword & Shield,2022-09-09,30,LOR
swsh12,Silver Tempest,Sword & Shield,2022-11-11,215,SIT
swsh12tg,Silver Tempest Trainer Gallery,Sword & Shield,2022-11-11,30,SIT
svp,Scarlet & Violet Black Star Promos,Scarlet & Violet,2023-01-01,75,PR-SV
swsh12pt5,Crown Zenith,Sword & Shield,2023-01-20,160,CRZ
swsh12pt5gg,Crown Zenith Galarian Gallery,Sword & Shield,2023-01-20,70,CRZ
sv1,Scarlet & Violet,Scarlet & Violet,2023-03-31,258,SVI
sve,Scarlet & Violet Energies,Scarlet & Violet,2023-03-31,8,SVE
sv2,Paldea Evolved,Scarlet & Violet,2023-06-09,279,PAL
sv3,Obsidian Flames,Scarlet & Violet,2023-08-11,230,OBF
sv3pt5,151,Scarlet & Violet,2023-09-22,207,MEW
sv4,Paradox Rift,Scarlet & Violet,2023-11-03,266,PAR
sv4pt5,Paldean Fates,Scarlet & Violet,2024-01-26,245,PAF
sv5,Temporal Forces,Scarlet & Violet,2024-03-22,218,TEF
sv6,Twilight Masquerade,Scarlet & Violet,2024-05-24,226,TWM
sv6pt5,Shrouded Fable,Scarlet & Violet,2024-08-02,99,SFA
sv7,Stellar Crown,Scarlet & Violet,2024-09-13,175,SCR
sv8,Surging Sparks,Scarlet & Violet,2024-11-08,252,SSP
sv8pt5,Prismatic Evolutions,Scarlet & Violet,2025-01-17,180,PRE
sv9,Journey Together,Scarlet & Violet,2025-03-28,190,JTG
sv10,Destined Rivals,Scarlet & Violet,2025-05-30,244,DRI
rsv10pt5,White Flare,Scarlet & Violet,2025-07-18,173,WHT
zsv10pt5,Black Bolt,Scarlet & Violet,2025-07-18,172,BLK
me1,Mega Evolution,Mega Evolution,2025-09-26,188,MEG
me2,Phantasmal Flames,Mega Evolution,2025-11-14,130,PFL
me2pt5,Ascended Heroes,Mega Evolution,2026-01-30,295,ASC
me3,Perfect Order,Mega Evolution,2026-03-27,124,POR
me4,Chaos Rising,Mega Evolution,2026-05-22,122,CRI
me5,Pitch Black,Mega Evolution,2026-07-17,120,PBL
me55,30th Celebration,Mega Evolution,2026-09-16,161,30C
me55c,30th Celebration: Classic Collection,Mega Evolution,2026-09-16,30,30C
